{"cameraMode":{"drawMode":0,"name":"Shaded","section":"Shading Mode"},"sceneLighting":false,"audioPlay":false,"sceneViewState":{"showFog":true,"showMaterialUpdate":false,"showSkybox":true,"showFlares":true,"showImageEffects":true,"showParticleSystems":true},"in2DMode":false,"pivot":{"x":-1.7222206592559815,"y":-3.5694828033447267,"z":-3.097327709197998},"rotation":{"x":0.597091555595398,"y":0.007219087798148394,"z":-0.005373709835112095,"w":0.8021226525306702},"size":13.451980590820313,"orthographic":false}